,Title,Views,Time_upload
0,,,
1,,,
2,,,
3,,,
4,,,
5,,,
6,,,
7,,,
8,,,
9,,,
10,,,
11,,,
12,,,
13,,,
14,,,
15,,,
16,,,
17,,,
18,,,
19,,,
20,,,
21,,,
22,,,
23,,,
24,,,
25,,,
26,,,
27,,,
28,,,
29,,,
30,,,
31,,,
32,,,
33,bhai beej special recipe puranpoli,35 views,1 year ago
34,diy box card,26 views,1 year ago
35,diy kawai bookmarks,22 views,1 year ago
36,kela vada,41 views,1 year ago
37,diy flower card,17 views,1 year ago
38,dudhi cofta recipe,15 views,1 year ago
39,toast sandwich ğŸ¥ª (grill sandwich),15 views,1 year ago
40,wheat bread ğŸ,17 views,1 year ago
41,samosa recipe,22 views,1 year ago
42,homemade ladi pav,40 views,1 year ago
43,special chat dish chatpati,21 views,1 year ago
44,friendship day special surprise message pull me card â¤ï¸,23 views,1 year ago
45,homemade banana wafers,19 views,1 year ago
46,French fries ğŸŸ,25 views,1 year ago
47,heart box,14 views,1 year ago
48,dry fruit chikki ğŸ‰,14 views,1 year ago
49,chocolate cake recipe ğŸ‚,36 views,1 year ago
50,mother's Day special Swiss roll,44 views,1 year ago
51,white sauce pasta recipe,33 views,1 year ago
52,capsicum tomato sabji,20 views,1 year ago
53,mini notebook,15 views,1 year ago
54,cup cakes ğŸ˜‹,21 views,1 year ago
55,capsicum chutney,25 views,1 year ago
56,paneer makhni Panjabi special,20 views,1 year ago
57,turai chilka chutney,13 views,1 year ago
58,chocolate gift box,21 views,1 year ago
59,homemade mayonnaise,20 views,1 year ago
60,chocolate cookies,17 views,1 year ago
61,DIY anniversary explosion box gift,27 views,1 year ago
62,gujjus special khaman dhokala,29 views,1 year ago
63,pizza base n pizza recipe,43 views,2 years ago
64,smiley cards â¤ï¸,17 views,2 years ago
65,butter/ghee chakri recipe,37 views,2 years ago
66,DIY gift box,50 views,2 years ago
67,Khakhra chevda (gujju special),42 views,2 years ago
68,Sev Franky recipe,41 views,2 years ago
69,Rakhi special white chocolate fudge,55 views,2 years ago
70,Condensed milk,32 views,2 years ago
71,Curry leaves chutney recipe,37 views,2 years ago
72,Homemade cheese recipe,95 views,2 years ago
73,Spoiled milk mava recipe,29 views,2 years ago
74,Karela muthiya (bitter melon or gourd),63 views,2 years ago
75,DIY - surprise message envelope card,37 views,2 years ago
76,Coriander chutney,28 views,2 years ago
77,Homemade butter recipe(Jain special),1.4K views,2 years ago
78,Oreo shake easy and quick recipe,38 views,2 years ago
79,Banana ice cream,39 views,2 years ago
80,Creamy chocolate Ice cream,47 views,2 years ago
81,Oreo choco bar ğŸ˜‹,40 views,2 years ago
82,summer special Mango ice cream bar ğŸ˜‹,41 views,2 years ago
83,Add links n swipe up option to Instagram story to ur personal account,116 views,2 years ago
84,Gifting ideas easy n simple art hacks,99 views,2 years ago
85,link youtube channel to Instagram,57 views,2 years ago
86,quarantine special dalgona coffee/frothy coffee ğŸ˜‹,86 views,2 years ago
87,Homemade Chocolates with only 2 ingredients,107 views,2 years ago
